Run ID,Name,Source Type,Source Name,User,Status,feature_1,feature_2,feature_3,scores,scores_mean,scores_se,score_in_test
1bd87c51cc0e486c9a96024ca6b66304,,LOCAL,outdoor_dataset.py,localadmin,FINISHED,min,q3q1_ran,kur,"[0.92857143 0.9047619  0.80952381 0.82926829 0.85365854 0.97619048
 0.9047619  0.80952381 0.90243902 0.85365854 0.95238095 0.88095238
 0.9047619  0.7804878  0.92682927 0.88095238 0.95238095 0.83333333
 0.87804878 0.95121951 0.85714286 0.88095238 0.95238095 0.87804878
 0.82926829]",0.8844599303135888,0.010450029700214823,0.8269230769230769
d2c29b557b7342cda0fcd075ab02f980,,LOCAL,outdoor_dataset.py,localadmin,FINISHED,min,q3q1_ran,skew,"[0.85714286 0.95238095 0.80952381 0.85365854 0.87804878 0.92857143
 0.9047619  0.78571429 0.90243902 0.87804878 0.95238095 0.85714286
 0.9047619  0.7804878  0.87804878 0.88095238 0.95238095 0.78571429
 0.82926829 0.80487805 0.83333333 0.83333333 0.97619048 0.87804878
 0.80487805]",0.8680836236933797,0.01141114637791182,0.8653846153846154
e059e44ef3384f9597dcf05bf65ef35d,,LOCAL,outdoor_dataset.py,localadmin,FINISHED,min,q3q1_ran,conteo,"[0.97619048 0.92857143 0.85714286 0.87804878 0.87804878 0.95238095
 0.85714286 0.80952381 0.92682927 0.87804878 0.95238095 0.85714286
 0.92857143 0.82926829 0.90243902 0.9047619  0.95238095 0.80952381
 0.87804878 0.95121951 0.9047619  0.85714286 0.95238095 0.87804878
 0.82926829]",0.893170731707317,0.009727565989659275,0.8846153846153846
a77fbbe0ac2248118f8e0aa7f5b7f99f,,LOCAL,outdoor_dataset.py,localadmin,FINISHED,min,range,kur,"[0.95238095 0.92857143 0.80952381 0.82926829 0.92682927 0.92857143
 0.9047619  0.83333333 0.90243902 0.87804878 0.97619048 0.83333333
 0.83333333 0.7804878  0.90243902 0.83333333 0.95238095 0.88095238
 0.85365854 0.92682927 0.88095238 0.85714286 0.92857143 0.87804878
 0.87804878]",0.8835772357723577,0.009989855297072239,0.8269230769230769
0513e78984dc4c18a01eeed939c0e3a9,,LOCAL,outdoor_dataset.py,localadmin,FINISHED,min,range,skew,"[0.9047619  0.88095238 0.78571429 0.82926829 0.90243902 0.9047619
 0.9047619  0.71428571 0.90243902 0.92682927 0.9047619  0.9047619
 0.83333333 0.75609756 0.80487805 0.85714286 0.97619048 0.83333333
 0.87804878 0.92682927 0.85714286 0.85714286 0.92857143 0.95121951
 0.87804878]",0.8721486643437864,0.012210168988903678,0.8269230769230769
7d17168a76da472c905996777041cd64,,LOCAL,outdoor_dataset.py,localadmin,FINISHED,min,range,conteo,"[0.95238095 0.9047619  0.83333333 0.85365854 0.85365854 0.88095238
 0.88095238 0.69047619 0.90243902 0.87804878 0.92857143 0.85714286
 0.83333333 0.80487805 0.85365854 0.9047619  0.9047619  0.85714286
 0.87804878 0.92682927 0.88095238 0.83333333 0.95238095 0.95121951
 0.80487805]",0.8721022067363531,0.011384349571439321,0.8653846153846154
4d46e181de7b47febc1eb5f4f48c73d2,,LOCAL,outdoor_dataset.py,localadmin,FINISHED,min,dis2,kur,"[0.95238095 0.88095238 0.80952381 0.82926829 0.85365854 0.95238095
 0.85714286 0.78571429 0.92682927 0.90243902 0.97619048 0.85714286
 0.85714286 0.85365854 0.92682927 0.88095238 0.95238095 0.83333333
 0.85365854 0.95121951 0.80952381 0.88095238 0.92857143 0.95121951
 0.82926829]",0.8836933797909406,0.010940912448794709,0.8076923076923077
70229c0bfe65402cb815b76d43fa8982,,LOCAL,outdoor_dataset.py,localadmin,FINISHED,min,dis2,skew,"[0.9047619  0.97619048 0.80952381 0.82926829 0.82926829 0.92857143
 0.83333333 0.69047619 0.92682927 0.87804878 0.97619048 0.85714286
 0.85714286 0.82926829 0.80487805 0.83333333 0.92857143 0.83333333
 0.85365854 0.92682927 0.80952381 0.83333333 0.88095238 0.92682927
 0.82926829]",0.8634610917537745,0.012637449504802192,0.8461538461538461
7e1ff069b25a4b2ab03dcb4fbe8e71d7,,LOCAL,outdoor_dataset.py,localadmin,FINISHED,min,dis2,conteo,"[0.95238095 0.95238095 0.85714286 0.80487805 0.85365854 0.9047619
 0.83333333 0.76190476 0.92682927 0.87804878 0.95238095 0.88095238
 0.83333333 0.82926829 0.90243902 0.88095238 0.92857143 0.85714286
 0.85365854 0.92682927 0.80952381 0.85714286 0.95238095 0.97560976
 0.80487805]",0.8788153310104531,0.011402771870090542,0.8653846153846154
5e8e536de69a43139abc95c14357caae,,LOCAL,outdoor_dataset.py,localadmin,FINISHED,min,dis1,kur,"[0.95238095 0.9047619  0.80952381 0.85365854 0.80487805 0.95238095
 0.85714286 0.78571429 0.92682927 0.87804878 0.97619048 0.80952381
 0.80952381 0.82926829 0.92682927 0.83333333 0.92857143 0.88095238
 0.87804878 0.92682927 0.80952381 0.92857143 0.95238095 0.92682927
 0.85365854]",0.8798141695702673,0.011557325882094299,0.8461538461538461
204d3865837c458f84215029d3958e4d,,LOCAL,outdoor_dataset.py,localadmin,FINISHED,min,dis1,skew,"[0.88095238 0.97619048 0.80952381 0.85365854 0.82926829 0.92857143
 0.85714286 0.73809524 0.90243902 0.90243902 0.97619048 0.85714286
 0.85714286 0.80487805 0.80487805 0.88095238 0.9047619  0.78571429
 0.87804878 0.90243902 0.83333333 0.83333333 0.95238095 0.90243902
 0.87804878]",0.869198606271777,0.011568204677967885,0.8269230769230769
d8097fdda8f949e594a3aa3e6e500266,,LOCAL,outdoor_dataset.py,localadmin,FINISHED,min,dis1,conteo,"[0.97619048 0.95238095 0.83333333 0.82926829 0.80487805 0.9047619
 0.80952381 0.76190476 0.92682927 0.87804878 0.97619048 0.85714286
 0.88095238 0.82926829 0.90243902 0.88095238 0.92857143 0.85714286
 0.85365854 0.95121951 0.80952381 0.85714286 0.97619048 0.95121951
 0.7804878 ]",0.8787688734030198,0.012766524247924942,0.8653846153846154
6b62548cb5ee4c9a80cebc97f0d2f064,,LOCAL,outdoor_dataset.py,localadmin,FINISHED,min,std,kur,"[0.95238095 0.9047619  0.76190476 0.87804878 0.82926829 0.88095238
 0.9047619  0.73809524 0.90243902 0.87804878 0.97619048 0.83333333
 0.85714286 0.85365854 0.92682927 0.80952381 0.9047619  0.83333333
 0.85365854 0.92682927 0.85714286 0.88095238 0.95238095 0.90243902
 0.85365854]",0.8740998838559814,0.01119585567445346,0.8076923076923077
bda006910efd4159b027562f57dcad67,,LOCAL,outdoor_dataset.py,localadmin,FINISHED,min,std,skew,"[0.9047619  0.88095238 0.71428571 0.87804878 0.80487805 0.9047619
 0.9047619  0.69047619 0.87804878 0.90243902 0.97619048 0.80952381
 0.88095238 0.80487805 0.80487805 0.80952381 0.88095238 0.80952381
 0.85365854 0.87804878 0.88095238 0.80952381 0.92857143 0.87804878
 0.85365854]",0.8528919860627178,0.012725842752437664,0.8461538461538461
8d3d479110c24d8cae2500a94680242b,,LOCAL,outdoor_dataset.py,localadmin,FINISHED,min,std,conteo,"[0.95238095 0.9047619  0.76190476 0.85365854 0.80487805 0.88095238
 0.80952381 0.73809524 0.90243902 0.87804878 0.97619048 0.85714286
 0.85714286 0.82926829 0.87804878 0.78571429 0.9047619  0.83333333
 0.82926829 0.92682927 0.85714286 0.88095238 0.92857143 0.95121951
 0.75609756]",0.8615331010452962,0.012639306674554906,0.8461538461538461
d6ae31377f44446d9136fbf569233f5f,,LOCAL,outdoor_dataset.py,localadmin,FINISHED,max,q3q1_ran,kur,"[0.95238095 0.92857143 0.76190476 0.85365854 0.85365854 0.92857143
 0.88095238 0.73809524 0.92682927 0.95121951 0.95238095 0.9047619
 0.9047619  0.73170732 0.92682927 0.83333333 0.92857143 0.78571429
 0.85365854 0.87804878 0.9047619  0.85714286 0.97619048 0.80487805
 0.85365854]",0.8748896631823463,0.013756247790344808,0.8461538461538461
191a374f942a47509f40b974c712139b,,LOCAL,outdoor_dataset.py,localadmin,FINISHED,max,q3q1_ran,skew,"[0.88095238 0.92857143 0.78571429 0.87804878 0.87804878 0.92857143
 0.88095238 0.71428571 0.92682927 0.95121951 0.95238095 0.95238095
 0.9047619  0.7804878  0.75609756 0.83333333 0.95238095 0.78571429
 0.85365854 0.90243902 0.88095238 0.80952381 0.95238095 0.80487805
 0.87804878]",0.8701045296167247,0.013880413725060398,0.8653846153846154
05c94c59369d47a1a1188a28fdff037c,,LOCAL,outdoor_dataset.py,localadmin,FINISHED,max,q3q1_ran,conteo,"[0.95238095 0.92857143 0.83333333 0.87804878 0.90243902 0.92857143
 0.9047619  0.73809524 0.92682927 0.95121951 0.95238095 0.9047619
 0.85714286 0.75609756 0.80487805 0.80952381 0.95238095 0.78571429
 0.92682927 0.95121951 0.92857143 0.85714286 0.92857143 0.82926829
 0.87804878]",0.88267131242741,0.013040215048809834,0.8653846153846154
1393a51523e64ac89f30a233e5db2f48,,LOCAL,outdoor_dataset.py,localadmin,FINISHED,max,range,kur,"[0.85714286 0.92857143 0.76190476 0.85365854 0.82926829 0.88095238
 0.88095238 0.71428571 0.90243902 0.82926829 0.95238095 0.78571429
 0.83333333 0.80487805 0.82926829 0.80952381 0.92857143 0.80952381
 0.87804878 0.92682927 0.88095238 0.85714286 0.9047619  0.7804878
 0.85365854]",0.8509407665505226,0.011566573996805954,0.8846153846153846
e7acbba4a28b418cb4a8cef3e2508976,,LOCAL,outdoor_dataset.py,localadmin,FINISHED,max,range,skew,"[0.88095238 0.92857143 0.80952381 0.85365854 0.92682927 0.9047619
 0.9047619  0.69047619 0.85365854 0.90243902 0.9047619  0.85714286
 0.85714286 0.75609756 0.80487805 0.76190476 0.9047619  0.78571429
 0.85365854 0.90243902 0.78571429 0.83333333 0.88095238 0.80487805
 0.82926829]",0.8471312427409988,0.012119777205140363,0.8653846153846154
cb898916a5fa4ac3b4aa4b5d4a6b0c06,,LOCAL,outdoor_dataset.py,localadmin,FINISHED,max,range,conteo,"[0.9047619  0.88095238 0.80952381 0.87804878 0.82926829 0.85714286
 0.88095238 0.71428571 0.95121951 0.82926829 0.92857143 0.88095238
 0.85714286 0.7804878  0.80487805 0.85714286 0.92857143 0.80952381
 0.87804878 0.90243902 0.83333333 0.80952381 0.92857143 0.85365854
 0.85365854]",0.8576771196283391,0.010724362004170243,0.9038461538461539
45d8efa3809c4cd7b81cad8ab847301d,,LOCAL,outdoor_dataset.py,localadmin,FINISHED,max,dis2,kur,"[0.97619048 0.95238095 0.80952381 0.85365854 0.92682927 0.92857143
 0.85714286 0.66666667 0.95121951 0.90243902 0.95238095 0.85714286
 0.88095238 0.85365854 0.85365854 0.83333333 0.92857143 0.80952381
 0.87804878 0.85365854 0.85714286 0.85714286 0.95238095 0.87804878
 0.87804878]",0.877932636469222,0.012900266948063866,0.8461538461538461
bd8415ae029243539eb00b6a97137462,,LOCAL,outdoor_dataset.py,localadmin,FINISHED,max,dis2,skew,"[0.9047619  0.92857143 0.83333333 0.90243902 0.92682927 0.95238095
 0.88095238 0.73809524 0.92682927 0.85365854 0.95238095 0.88095238
 0.88095238 0.80487805 0.80487805 0.78571429 0.92857143 0.78571429
 0.87804878 0.85365854 0.85714286 0.88095238 0.9047619  0.90243902
 0.85365854]",0.8721022067363532,0.011124202312996349,0.8846153846153846
9028f7a64c3f48afbc115c4c95ebe1bc,,LOCAL,outdoor_dataset.py,localadmin,FINISHED,max,dis2,conteo,"[0.9047619  0.9047619  0.83333333 0.85365854 0.85365854 0.88095238
 0.85714286 0.71428571 0.92682927 0.87804878 0.97619048 0.88095238
 0.85714286 0.80487805 0.85365854 0.85714286 0.92857143 0.85714286
 0.90243902 0.90243902 0.83333333 0.85714286 0.95238095 0.87804878
 0.85365854]",0.8721022067363531,0.010212326775074995,0.8653846153846154
1ba4fccd97e64f939d66b4eb842dc1d5,,LOCAL,outdoor_dataset.py,localadmin,FINISHED,max,dis1,kur,"[0.97619048 0.92857143 0.80952381 0.85365854 0.85365854 0.95238095
 0.85714286 0.73809524 0.95121951 0.85365854 0.92857143 0.88095238
 0.83333333 0.82926829 0.85365854 0.83333333 0.9047619  0.80952381
 0.90243902 0.90243902 0.83333333 0.85714286 0.92857143 0.87804878
 0.87804878]",0.8731010452961673,0.010807278420629514,0.8653846153846154
f78f30c287d4455fa7b9d54d37ecdbf6,,LOCAL,outdoor_dataset.py,localadmin,FINISHED,max,dis1,skew,"[0.9047619  0.92857143 0.83333333 0.90243902 0.87804878 0.97619048
 0.88095238 0.69047619 0.95121951 0.87804878 0.95238095 0.83333333
 0.85714286 0.82926829 0.7804878  0.80952381 0.92857143 0.78571429
 0.87804878 0.90243902 0.85714286 0.83333333 0.92857143 0.90243902
 0.80487805]",0.8682926829268293,0.012963072162675346,0.9038461538461539
57b8524e7ab641489a40bff6cfb79f78,,LOCAL,outdoor_dataset.py,localadmin,FINISHED,max,dis1,conteo,"[0.97619048 0.92857143 0.83333333 0.87804878 0.85365854 0.9047619
 0.85714286 0.71428571 0.95121951 0.87804878 0.97619048 0.88095238
 0.83333333 0.80487805 0.85365854 0.85714286 0.92857143 0.85714286
 0.87804878 0.90243902 0.85714286 0.85714286 0.95238095 0.87804878
 0.85365854]",0.8778397212543554,0.011306700242961008,0.8653846153846154
14b30271d5454cbc8e43c5c598b4b73c,,LOCAL,outdoor_dataset.py,localadmin,FINISHED,max,std,kur,"[0.97619048 0.88095238 0.76190476 0.87804878 0.85365854 0.9047619
 0.88095238 0.71428571 0.92682927 0.87804878 0.95238095 0.83333333
 0.83333333 0.80487805 0.85365854 0.78571429 0.95238095 0.83333333
 0.90243902 0.87804878 0.92857143 0.85714286 0.95238095 0.85365854
 0.85365854]",0.8692218350754937,0.012484626644210047,0.8269230769230769
ad2c412bef224bd2bddbf1dbf3ced823,,LOCAL,outdoor_dataset.py,localadmin,FINISHED,max,std,skew,"[0.92857143 0.88095238 0.78571429 0.90243902 0.92682927 0.9047619
 0.9047619  0.69047619 0.90243902 0.87804878 0.92857143 0.9047619
 0.88095238 0.80487805 0.85365854 0.78571429 0.92857143 0.78571429
 0.85365854 0.90243902 0.85714286 0.83333333 0.9047619  0.92682927
 0.82926829]",0.8674099883855981,0.011997444754385201,0.8461538461538461
c041f63a9e364731bc1a8f58eef8e386,,LOCAL,outdoor_dataset.py,localadmin,FINISHED,max,std,conteo,"[0.97619048 0.88095238 0.76190476 0.90243902 0.85365854 0.9047619
 0.85714286 0.69047619 0.92682927 0.85365854 0.95238095 0.9047619
 0.9047619  0.7804878  0.82926829 0.78571429 0.95238095 0.78571429
 0.87804878 0.90243902 0.85714286 0.88095238 0.92857143 0.90243902
 0.85365854]",0.8682694541231127,0.013381983584371846,0.8461538461538461
a83b3b2fc9b04e6486204aa3e6d4749e,,LOCAL,outdoor_dataset.py,localadmin,FINISHED,q3,q3q1_ran,kur,"[0.88095238 0.92857143 0.85714286 0.90243902 0.90243902 0.92857143
 0.9047619  0.76190476 0.95121951 0.95121951 0.95238095 0.92857143
 0.9047619  0.80487805 0.90243902 0.9047619  0.97619048 0.80952381
 0.87804878 0.90243902 0.9047619  0.85714286 0.97619048 0.87804878
 0.85365854]",0.8961207897793264,0.010427514514891122,0.8269230769230769
60962bf8dbb146b5929d7148dcb42205,,LOCAL,outdoor_dataset.py,localadmin,FINISHED,q3,q3q1_ran,skew,"[0.9047619  0.95238095 0.80952381 0.87804878 0.90243902 0.88095238
 0.9047619  0.69047619 0.92682927 0.92682927 0.95238095 0.9047619
 0.9047619  0.80487805 0.87804878 0.83333333 0.95238095 0.78571429
 0.87804878 0.92682927 0.83333333 0.83333333 0.95238095 0.87804878
 0.87804878]",0.878931475029036,0.012412028573549092,0.8653846153846154
e8796a7e1941442ebbe7d9a16d2f80a4,,LOCAL,outdoor_dataset.py,localadmin,FINISHED,q3,q3q1_ran,conteo,"[0.97619048 0.97619048 0.85714286 0.87804878 0.92682927 0.95238095
 0.92857143 0.69047619 0.95121951 0.90243902 0.9047619  0.95238095
 0.95238095 0.85365854 0.87804878 0.9047619  0.97619048 0.78571429
 0.90243902 0.92682927 0.9047619  0.9047619  0.97619048 0.92682927
 0.90243902]",0.9076655052264807,0.012754046449000415,0.8653846153846154
c9b092581b3942cca6a475c10a2c46b0,,LOCAL,outdoor_dataset.py,localadmin,FINISHED,q3,range,kur,"[0.97619048 0.92857143 0.85714286 0.85365854 0.92682927 0.92857143
 0.88095238 0.71428571 0.92682927 0.87804878 0.92857143 0.9047619
 0.9047619  0.87804878 0.90243902 0.9047619  0.97619048 0.85714286
 0.87804878 0.87804878 0.83333333 0.9047619  0.97619048 0.92682927
 0.90243902]",0.897096399535424,0.010720749324836933,0.8653846153846154
a243e291c6c14ef984b1be1014426cfd,,LOCAL,outdoor_dataset.py,localadmin,FINISHED,q3,range,skew,"[0.88095238 0.92857143 0.85714286 0.87804878 0.87804878 0.88095238
 0.88095238 0.71428571 0.95121951 0.92682927 0.92857143 0.88095238
 0.88095238 0.82926829 0.87804878 0.83333333 0.97619048 0.83333333
 0.85365854 0.90243902 0.88095238 0.85714286 0.95238095 0.82926829
 0.85365854]",0.8778861788617887,0.010510366313731968,0.8461538461538461
f712e6e02d7244a785db77934541962f,,LOCAL,outdoor_dataset.py,localadmin,FINISHED,q3,range,conteo,"[0.92857143 0.92857143 0.83333333 0.87804878 0.87804878 0.9047619
 0.88095238 0.66666667 0.95121951 0.85365854 0.95238095 0.9047619
 0.9047619  0.82926829 0.85365854 0.88095238 0.97619048 0.83333333
 0.87804878 0.82926829 0.88095238 0.83333333 0.95238095 0.97560976
 0.82926829]",0.8807200929152148,0.013016423438905366,0.9038461538461539
bf81f2e6ded14f288caadda12e90784c,,LOCAL,outdoor_dataset.py,localadmin,FINISHED,q3,dis2,kur,"[0.97619048 0.9047619  0.83333333 0.90243902 0.95121951 0.95238095
 0.88095238 0.76190476 0.95121951 0.90243902 0.97619048 0.92857143
 0.85714286 0.90243902 0.90243902 0.88095238 0.95238095 0.88095238
 0.87804878 0.90243902 0.88095238 0.9047619  0.97619048 0.90243902
 0.87804878]",0.9048315911730545,0.009680699748078015,0.8653846153846154
35c075e2a74641118770c4e4f7a8b231,,LOCAL,outdoor_dataset.py,localadmin,FINISHED,q3,dis2,skew,"[0.88095238 0.95238095 0.83333333 0.90243902 0.90243902 0.9047619
 0.88095238 0.69047619 0.90243902 0.92682927 0.95238095 0.88095238
 0.88095238 0.82926829 0.82926829 0.80952381 0.95238095 0.83333333
 0.87804878 0.90243902 0.83333333 0.88095238 0.95238095 0.92682927
 0.87804878]",0.879883855981417,0.011586478240666656,0.8269230769230769
2565666cdeb943b498c806fb1542664c,,LOCAL,outdoor_dataset.py,localadmin,FINISHED,q3,dis2,conteo,"[0.95238095 0.95238095 0.85714286 0.85365854 0.92682927 0.9047619
 0.88095238 0.71428571 0.95121951 0.92682927 0.95238095 0.9047619
 0.9047619  0.85365854 0.87804878 0.85714286 0.95238095 0.85714286
 0.85365854 0.92682927 0.83333333 0.85714286 0.97619048 0.97560976
 0.87804878]",0.8952613240418118,0.011607231623325871,0.8653846153846154
8f90438b41f444bdb686cbef73349ed5,,LOCAL,outdoor_dataset.py,localadmin,FINISHED,q3,dis1,kur,"[0.97619048 0.97619048 0.83333333 0.90243902 0.95121951 0.92857143
 0.88095238 0.80952381 0.95121951 0.90243902 0.95238095 0.92857143
 0.85714286 0.90243902 0.87804878 0.85714286 0.95238095 0.9047619
 0.90243902 0.95121951 0.85714286 0.9047619  0.97619048 0.95121951
 0.87804878]",0.9106387921022068,0.00928579236845039,0.8846153846153846
299abc8819a94ba7808cde94f5a91c38,,LOCAL,outdoor_dataset.py,localadmin,FINISHED,q3,dis1,skew,"[0.9047619  0.95238095 0.83333333 0.90243902 0.90243902 0.88095238
 0.88095238 0.69047619 0.92682927 0.92682927 0.95238095 0.9047619
 0.85714286 0.82926829 0.82926829 0.80952381 0.95238095 0.80952381
 0.87804878 0.87804878 0.85714286 0.88095238 0.95238095 0.92682927
 0.85365854]",0.8789082462253195,0.011878961305581673,0.8461538461538461
d75c7f78de7849468154149923915d2a,,LOCAL,outdoor_dataset.py,localadmin,FINISHED,q3,dis1,conteo,"[0.95238095 0.95238095 0.85714286 0.87804878 0.90243902 0.88095238
 0.9047619  0.66666667 0.95121951 0.90243902 0.95238095 0.9047619
 0.85714286 0.85365854 0.87804878 0.85714286 0.95238095 0.85714286
 0.82926829 0.90243902 0.83333333 0.85714286 0.97619048 0.97560976
 0.85365854]",0.887549361207898,0.012910278846865403,0.8461538461538461
edd1cc316d124059836841bd1aa87930,,LOCAL,outdoor_dataset.py,localadmin,FINISHED,q3,std,kur,"[0.92857143 0.88095238 0.83333333 0.90243902 0.92682927 0.95238095
 0.9047619  0.78571429 0.92682927 0.90243902 0.92857143 0.88095238
 0.85714286 0.87804878 0.90243902 0.80952381 0.95238095 0.83333333
 0.87804878 0.95121951 0.9047619  0.85714286 0.97619048 0.92682927
 0.85365854]",0.8933797909407666,0.009515071107011728,0.8653846153846154
3e45201e19444f32bc84324e07bbfaf6,,LOCAL,outdoor_dataset.py,localadmin,FINISHED,q3,std,skew,"[0.85714286 0.88095238 0.76190476 0.90243902 0.87804878 0.83333333
 0.9047619  0.66666667 0.87804878 0.90243902 0.95238095 0.85714286
 0.9047619  0.80487805 0.80487805 0.76190476 0.92857143 0.80952381
 0.87804878 0.90243902 0.85714286 0.88095238 0.95238095 0.90243902
 0.85365854]",0.8606736353077818,0.012964672860653049,0.8269230769230769
204955749679402a912cf12b34d0b1b9,,LOCAL,outdoor_dataset.py,localadmin,FINISHED,q3,std,conteo,"[0.95238095 0.92857143 0.80952381 0.87804878 0.87804878 0.88095238
 0.9047619  0.69047619 0.90243902 0.87804878 0.95238095 0.9047619
 0.88095238 0.85365854 0.85365854 0.80952381 0.97619048 0.85714286
 0.82926829 0.92682927 0.85714286 0.85714286 0.95238095 0.95121951
 0.90243902]",0.8827177700348433,0.012113199386138033,0.8461538461538461
44eec7e8144348b99cb9bcfc90cc4cad,,LOCAL,outdoor_dataset.py,localadmin,FINISHED,q1,q3q1_ran,kur,"[0.95238095 0.95238095 0.85714286 0.87804878 0.87804878 0.92857143
 0.9047619  0.71428571 0.95121951 0.95121951 0.95238095 0.88095238
 0.9047619  0.80487805 0.7804878  0.9047619  0.95238095 0.78571429
 0.92682927 0.90243902 0.88095238 0.85714286 0.97619048 0.90243902
 0.87804878]",0.8903368176538909,0.012782513304138026,0.8846153846153846
627778b546714e329083cebfea768ea8,,LOCAL,outdoor_dataset.py,localadmin,FINISHED,q1,q3q1_ran,skew,"[0.9047619  0.95238095 0.83333333 0.87804878 0.87804878 0.92857143
 0.9047619  0.71428571 0.95121951 0.95121951 0.95238095 0.92857143
 0.92857143 0.80487805 0.87804878 0.85714286 0.97619048 0.78571429
 0.90243902 0.90243902 0.88095238 0.85714286 0.95238095 0.92682927
 0.87804878]",0.8923344947735192,0.01211387310410376,0.8653846153846154
6684f5db67c44d0e89ff3c1a84f61889,,LOCAL,outdoor_dataset.py,localadmin,FINISHED,q1,q3q1_ran,conteo,"[0.95238095 0.95238095 0.88095238 0.87804878 0.87804878 0.92857143
 0.9047619  0.71428571 0.92682927 0.95121951 0.95238095 0.92857143
 0.92857143 0.82926829 0.90243902 0.9047619  0.97619048 0.78571429
 0.92682927 0.90243902 0.85714286 0.88095238 0.95238095 0.90243902
 0.90243902]",0.9000000000000001,0.01150661365344779,0.8653846153846154
c5fd8cdb9fe34164a86a22d957c7c0f8,,LOCAL,outdoor_dataset.py,localadmin,FINISHED,q1,range,kur,"[0.85714286 0.9047619  0.9047619  0.80487805 0.82926829 0.95238095
 0.9047619  0.71428571 0.95121951 0.95121951 0.92857143 0.88095238
 0.85714286 0.85365854 0.85365854 0.80952381 0.97619048 0.85714286
 0.87804878 0.90243902 0.85714286 0.88095238 0.92857143 0.90243902
 0.90243902]",0.8817421602787456,0.011310527290077836,0.8653846153846154
31fc3eb3de6849febf09eff1aeec6a53,,LOCAL,outdoor_dataset.py,localadmin,FINISHED,q1,range,skew,"[0.95238095 0.92857143 0.85714286 0.90243902 0.87804878 0.92857143
 0.9047619  0.66666667 0.95121951 0.92682927 0.95238095 0.9047619
 0.88095238 0.82926829 0.80487805 0.80952381 0.97619048 0.80952381
 0.90243902 0.82926829 0.85714286 0.83333333 0.92857143 0.87804878
 0.85365854]",0.8778629500580721,0.013313727202990525,0.9038461538461539
59d83ebb0cf843ad9a412a779321fb1d,,LOCAL,outdoor_dataset.py,localadmin,FINISHED,q1,range,conteo,"[0.97619048 0.9047619  0.85714286 0.85365854 0.85365854 0.9047619
 0.9047619  0.69047619 0.95121951 0.90243902 0.95238095 0.88095238
 0.85714286 0.82926829 0.80487805 0.9047619  0.95238095 0.83333333
 0.87804878 0.90243902 0.85714286 0.83333333 0.95238095 0.97560976
 0.85365854]",0.8826713124274101,0.01255718993274613,0.8846153846153846
830d910d928d48cebb6100e2b4f1d579,,LOCAL,outdoor_dataset.py,localadmin,FINISHED,q1,dis2,kur,"[0.97619048 0.9047619  0.88095238 0.85365854 0.82926829 0.95238095
 0.88095238 0.69047619 0.95121951 0.90243902 0.95238095 0.88095238
 0.80952381 0.87804878 0.85365854 0.83333333 0.95238095 0.83333333
 0.92682927 0.90243902 0.85714286 0.88095238 0.95238095 0.95121951
 0.87804878]",0.8865969802555169,0.012437515113253913,0.8653846153846154
2ad7849e37d3403f8856e05290778805,,LOCAL,outdoor_dataset.py,localadmin,FINISHED,q1,dis2,skew,"[0.97619048 0.9047619  0.85714286 0.82926829 0.85365854 0.9047619
 0.88095238 0.69047619 0.92682927 0.92682927 0.95238095 0.9047619
 0.83333333 0.85365854 0.7804878  0.85714286 0.95238095 0.80952381
 0.90243902 0.90243902 0.83333333 0.85714286 0.92857143 0.90243902
 0.87804878]",0.8759581881533102,0.01225392786597999,0.8846153846153846
4e16c7bb9289492290538c669f6c4d47,,LOCAL,outdoor_dataset.py,localadmin,FINISHED,q1,dis2,conteo,"[0.97619048 0.95238095 0.85714286 0.80487805 0.87804878 0.9047619
 0.85714286 0.69047619 0.95121951 0.92682927 0.95238095 0.92857143
 0.85714286 0.85365854 0.82926829 0.9047619  0.92857143 0.78571429
 0.85365854 0.90243902 0.83333333 0.88095238 0.97619048 0.95121951
 0.87804878]",0.8845993031358885,0.013254398959720937,0.8653846153846154
0d580fce00b047808747375af0ee53b1,,LOCAL,outdoor_dataset.py,localadmin,FINISHED,q1,dis1,kur,"[0.97619048 0.9047619  0.85714286 0.85365854 0.82926829 0.95238095
 0.88095238 0.73809524 0.95121951 0.92682927 0.95238095 0.92857143
 0.83333333 0.87804878 0.87804878 0.83333333 0.95238095 0.80952381
 0.87804878 0.87804878 0.85714286 0.88095238 0.95238095 0.92682927
 0.87804878]",0.8875029036004647,0.011182168136070194,0.8076923076923077
bd762eefd3814637890dbd514c7b7532,,LOCAL,outdoor_dataset.py,localadmin,FINISHED,q1,dis1,skew,"[0.9047619  0.92857143 0.85714286 0.90243902 0.82926829 0.9047619
 0.88095238 0.69047619 0.92682927 0.90243902 0.95238095 0.92857143
 0.83333333 0.82926829 0.7804878  0.83333333 0.97619048 0.76190476
 0.90243902 0.82926829 0.83333333 0.83333333 0.92857143 0.92682927
 0.85365854]",0.8692218350754938,0.013115234708194905,0.9038461538461539
790afee951f64253ba9cc1143452e2c3,,LOCAL,outdoor_dataset.py,localadmin,FINISHED,q1,dis1,conteo,"[0.97619048 0.92857143 0.85714286 0.82926829 0.85365854 0.88095238
 0.88095238 0.66666667 0.95121951 0.95121951 0.95238095 0.92857143
 0.83333333 0.85365854 0.85365854 0.85714286 0.92857143 0.80952381
 0.87804878 0.90243902 0.83333333 0.85714286 0.97619048 0.95121951
 0.85365854]",0.8817886178861789,0.013429921920786727,0.8653846153846154
8bea8c0aa47c4593afe03f3f5d5f85ea,,LOCAL,outdoor_dataset.py,localadmin,FINISHED,q1,std,kur,"[0.97619048 0.9047619  0.85714286 0.85365854 0.85365854 0.95238095
 0.9047619  0.69047619 0.92682927 0.95121951 0.95238095 0.88095238
 0.80952381 0.85365854 0.82926829 0.83333333 0.92857143 0.78571429
 0.85365854 0.90243902 0.88095238 0.88095238 0.92857143 0.90243902
 0.87804878]",0.8788617886178862,0.012365747717254953,0.8269230769230769
404580c70b184f0388b795e6e3e4b8f5,,LOCAL,outdoor_dataset.py,localadmin,FINISHED,q1,std,skew,"[0.97619048 0.88095238 0.76190476 0.90243902 0.85365854 0.88095238
 0.9047619  0.69047619 0.92682927 0.95121951 0.95238095 0.9047619
 0.85714286 0.80487805 0.80487805 0.83333333 0.95238095 0.76190476
 0.92682927 0.90243902 0.83333333 0.83333333 0.92857143 0.92682927
 0.85365854]",0.8722415795586529,0.014024600648154884,0.8846153846153846
af19acb1d4654249a33bacf9b5cc8f86,,LOCAL,outdoor_dataset.py,localadmin,FINISHED,q1,std,conteo,"[0.95238095 0.92857143 0.78571429 0.85365854 0.82926829 0.88095238
 0.9047619  0.66666667 0.92682927 0.92682927 0.97619048 0.9047619
 0.85714286 0.85365854 0.87804878 0.83333333 0.9047619  0.80952381
 0.87804878 0.90243902 0.85714286 0.85714286 0.95238095 0.92682927
 0.85365854]",0.87602787456446,0.012805859924096833,0.8653846153846154
ae8cf8de9d1e4e3e99a886018882c100,,LOCAL,outdoor_dataset.py,localadmin,FINISHED,median,q3q1_ran,kur,"[0.95238095 0.92857143 0.83333333 0.85365854 0.90243902 0.92857143
 0.9047619  0.71428571 0.92682927 0.95121951 0.95238095 0.9047619
 0.92857143 0.80487805 0.80487805 0.88095238 0.97619048 0.78571429
 0.87804878 0.92682927 0.9047619  0.85714286 0.95238095 0.90243902
 0.87804878]",0.8893612078977934,0.012463364432323785,0.8461538461538461
fb57f1f5193a47fb82d9b0bc8169b605,,LOCAL,outdoor_dataset.py,localadmin,FINISHED,median,q3q1_ran,skew,"[0.9047619  0.95238095 0.85714286 0.87804878 0.90243902 0.92857143
 0.9047619  0.71428571 0.92682927 0.95121951 0.95238095 0.92857143
 0.92857143 0.80487805 0.87804878 0.85714286 0.97619048 0.76190476
 0.87804878 0.92682927 0.88095238 0.85714286 0.95238095 0.92682927
 0.87804878]",0.8923344947735192,0.012265068657123627,0.8653846153846154
b5fec84c8c42499c85882af02a1cd048,,LOCAL,outdoor_dataset.py,localadmin,FINISHED,median,q3q1_ran,conteo,"[0.97619048 0.92857143 0.88095238 0.87804878 0.92682927 0.95238095
 0.92857143 0.69047619 0.95121951 0.95121951 0.95238095 0.95238095
 0.95238095 0.82926829 0.90243902 0.9047619  0.97619048 0.78571429
 0.87804878 0.92682927 0.9047619  0.88095238 0.95238095 0.92682927
 0.87804878]",0.9067131242741,0.012742842681128196,0.8653846153846154
49df8493d4f14a00907c3a1589a3e030,,LOCAL,outdoor_dataset.py,localadmin,FINISHED,median,range,kur,"[0.97619048 0.9047619  0.9047619  0.87804878 0.92682927 0.97619048
 0.9047619  0.73809524 0.92682927 0.92682927 0.92857143 0.9047619
 0.88095238 0.85365854 0.92682927 0.85714286 0.97619048 0.80952381
 0.87804878 0.90243902 0.9047619  0.88095238 0.92857143 0.82926829
 0.90243902]",0.897096399535424,0.01056069998817339,0.8653846153846154
3ae3f550c2f646369b8a22c49ea159c0,,LOCAL,outdoor_dataset.py,localadmin,FINISHED,median,range,skew,"[0.95238095 0.9047619  0.83333333 0.87804878 0.90243902 0.92857143
 0.9047619  0.69047619 0.95121951 0.92682927 0.95238095 0.95238095
 0.9047619  0.82926829 0.85365854 0.85714286 0.95238095 0.80952381
 0.85365854 0.87804878 0.85714286 0.85714286 0.95238095 0.87804878
 0.85365854]",0.884576074332172,0.01203722607785093,0.8846153846153846
6bdc6179c051412199bbf2790c4e8fda,,LOCAL,outdoor_dataset.py,localadmin,FINISHED,median,range,conteo,"[0.92857143 0.92857143 0.85714286 0.87804878 0.90243902 0.9047619
 0.9047619  0.69047619 0.95121951 0.95121951 0.97619048 0.92857143
 0.9047619  0.82926829 0.85365854 0.9047619  0.97619048 0.83333333
 0.87804878 0.92682927 0.88095238 0.83333333 0.95238095 0.97560976
 0.87804878]",0.8971660859465738,0.012380552879758849,0.9038461538461539
600d600eb4c441948cba629ba508d94a,,LOCAL,outdoor_dataset.py,localadmin,FINISHED,median,dis2,kur,"[0.97619048 0.88095238 0.88095238 0.87804878 0.87804878 0.95238095
 0.88095238 0.73809524 0.95121951 0.92682927 0.95238095 0.92857143
 0.88095238 0.85365854 0.85365854 0.83333333 0.95238095 0.78571429
 0.85365854 0.92682927 0.88095238 0.88095238 0.95238095 0.90243902
 0.87804878]",0.8903832752613242,0.011040621734964947,0.8269230769230769
61ee95b46fca40999fe81aec9b9bc33e,,LOCAL,outdoor_dataset.py,localadmin,FINISHED,median,dis2,skew,"[0.9047619  0.9047619  0.85714286 0.90243902 0.87804878 0.92857143
 0.85714286 0.66666667 0.92682927 0.95121951 0.97619048 0.88095238
 0.9047619  0.82926829 0.87804878 0.85714286 0.95238095 0.80952381
 0.82926829 0.90243902 0.88095238 0.88095238 0.92857143 0.90243902
 0.87804878]",0.8827409988385598,0.012030810554805479,0.8269230769230769
435370af55ba490489ed72f34765ca90,,LOCAL,outdoor_dataset.py,localadmin,FINISHED,median,dis2,conteo,"[0.97619048 0.9047619  0.85714286 0.82926829 0.90243902 0.92857143
 0.85714286 0.69047619 0.95121951 0.95121951 0.95238095 0.92857143
 0.9047619  0.85365854 0.90243902 0.9047619  0.95238095 0.85714286
 0.82926829 0.92682927 0.83333333 0.85714286 0.95238095 1.
 0.87804878]",0.8952613240418118,0.012876407073157608,0.8461538461538461
94f145accd2d4d599480352f3150bfd9,,LOCAL,outdoor_dataset.py,localadmin,FINISHED,median,dis1,kur,"[0.97619048 0.92857143 0.88095238 0.87804878 0.87804878 0.95238095
 0.88095238 0.76190476 0.95121951 0.95121951 0.95238095 0.9047619
 0.85714286 0.85365854 0.85365854 0.83333333 0.95238095 0.78571429
 0.85365854 0.90243902 0.88095238 0.88095238 0.95238095 0.90243902
 0.87804878]",0.891335656213705,0.010704606345985936,0.8846153846153846
f2f9bd2072924077997c76b070ff24b9,,LOCAL,outdoor_dataset.py,localadmin,FINISHED,median,dis1,skew,"[0.9047619  0.9047619  0.85714286 0.90243902 0.87804878 0.9047619
 0.9047619  0.66666667 0.92682927 0.95121951 0.97619048 0.9047619
 0.85714286 0.82926829 0.82926829 0.85714286 0.95238095 0.78571429
 0.85365854 0.92682927 0.85714286 0.85714286 0.9047619  0.92682927
 0.87804878]",0.8799070847851336,0.012462411948364616,0.8269230769230769
49773bb41a724786a6ead5c9531c05c5,,LOCAL,outdoor_dataset.py,localadmin,FINISHED,median,dis1,conteo,"[0.97619048 0.95238095 0.85714286 0.87804878 0.92682927 0.92857143
 0.88095238 0.69047619 0.92682927 0.95121951 0.95238095 0.95238095
 0.88095238 0.82926829 0.90243902 0.92857143 0.95238095 0.85714286
 0.80487805 0.92682927 0.85714286 0.88095238 0.95238095 0.97560976
 0.87804878]",0.9,0.012726340944153574,0.8269230769230769
15c35817f75b4b1f8dca17aa26235686,,LOCAL,outdoor_dataset.py,localadmin,FINISHED,median,std,kur,"[0.97619048 0.9047619  0.85714286 0.85365854 0.90243902 0.95238095
 0.92857143 0.76190476 0.92682927 0.95121951 0.95238095 0.92857143
 0.9047619  0.85365854 0.90243902 0.83333333 0.95238095 0.88095238
 0.87804878 0.92682927 0.9047619  0.88095238 0.95238095 0.87804878
 0.90243902]",0.9018815331010452,0.0094700402781293,0.8653846153846154
80516cf334b547b1be66108168226630,,LOCAL,outdoor_dataset.py,localadmin,FINISHED,median,std,skew,"[0.95238095 0.9047619  0.80952381 0.90243902 0.87804878 0.9047619
 0.9047619  0.66666667 0.92682927 0.95121951 0.95238095 0.88095238
 0.9047619  0.80487805 0.82926829 0.85714286 0.95238095 0.78571429
 0.85365854 0.95121951 0.85714286 0.88095238 0.9047619  0.90243902
 0.85365854]",0.8789082462253195,0.013046103180524788,0.8653846153846154
bc704218a8d84855a5ce260d053af37d,,LOCAL,outdoor_dataset.py,localadmin,FINISHED,median,std,conteo,"[0.97619048 0.92857143 0.80952381 0.90243902 0.90243902 0.9047619
 0.9047619  0.69047619 0.95121951 0.95121951 0.97619048 0.92857143
 0.88095238 0.82926829 0.90243902 0.83333333 0.97619048 0.83333333
 0.82926829 0.95121951 0.88095238 0.88095238 0.95238095 0.95121951
 0.87804878]",0.8962369337979094,0.013200101968819475,0.8846153846153846
312bb539c6bc4e4e9eebbe52bd8e8534,,LOCAL,outdoor_dataset.py,localadmin,FINISHED,trim_mean,q3q1_ran,kur,"[0.95238095 0.95238095 0.80952381 0.90243902 0.90243902 0.92857143
 0.9047619  0.71428571 0.95121951 0.95121951 0.95238095 0.9047619
 0.9047619  0.80487805 0.90243902 0.9047619  0.95238095 0.78571429
 0.87804878 0.90243902 0.9047619  0.85714286 0.97619048 0.90243902
 0.87804878]",0.8952148664343785,0.012247416589485523,0.8461538461538461
1e7a32558d594c618dcd1ef054e41b50,,LOCAL,outdoor_dataset.py,localadmin,FINISHED,trim_mean,q3q1_ran,skew,"[0.9047619  0.92857143 0.78571429 0.87804878 0.90243902 0.88095238
 0.9047619  0.73809524 0.92682927 0.95121951 0.95238095 0.95238095
 0.9047619  0.80487805 0.87804878 0.9047619  0.95238095 0.78571429
 0.87804878 0.92682927 0.88095238 0.85714286 0.95238095 0.92682927
 0.87804878]",0.8894773519163763,0.011530851242147554,0.8653846153846154
d71a22e651d04814b7ebdfd4607c64f6,,LOCAL,outdoor_dataset.py,localadmin,FINISHED,trim_mean,q3q1_ran,conteo,"[0.97619048 0.97619048 0.83333333 0.87804878 0.90243902 0.95238095
 0.92857143 0.71428571 0.95121951 0.95121951 0.95238095 0.95238095
 0.92857143 0.82926829 0.87804878 0.9047619  0.97619048 0.78571429
 0.87804878 0.92682927 0.88095238 0.88095238 0.95238095 0.90243902
 0.87804878]",0.9028339140534264,0.012614452421469188,0.8653846153846154
0662a0f1f0174f4dbabf0d74b5a6a2be,,LOCAL,outdoor_dataset.py,localadmin,FINISHED,trim_mean,range,kur,"[0.92857143 0.95238095 0.85714286 0.90243902 0.92682927 0.92857143
 0.9047619  0.73809524 0.95121951 0.90243902 0.95238095 0.92857143
 0.85714286 0.85365854 0.87804878 0.88095238 0.97619048 0.85714286
 0.87804878 0.92682927 0.88095238 0.88095238 0.97619048 0.90243902
 0.90243902]",0.9009756097560977,0.009962868846560143,0.8653846153846154
247d0a9624574b6fb7c1099772e0ea8f,,LOCAL,outdoor_dataset.py,localadmin,FINISHED,trim_mean,range,skew,"[0.92857143 0.92857143 0.80952381 0.87804878 0.90243902 0.88095238
 0.88095238 0.69047619 0.95121951 0.97560976 0.95238095 0.92857143
 0.9047619  0.82926829 0.87804878 0.88095238 0.95238095 0.80952381
 0.90243902 0.90243902 0.88095238 0.85714286 0.92857143 0.97560976
 0.85365854]",0.8905226480836238,0.012401563680614482,0.8846153846153846
5b3b4fdf9c2e43d48d453120170083c9,,LOCAL,outdoor_dataset.py,localadmin,FINISHED,trim_mean,range,conteo,"[0.92857143 0.92857143 0.83333333 0.87804878 0.87804878 0.9047619
 0.9047619  0.71428571 0.95121951 0.95121951 0.95238095 0.92857143
 0.88095238 0.82926829 0.85365854 0.9047619  0.95238095 0.83333333
 0.87804878 0.85365854 0.88095238 0.83333333 0.95238095 0.97560976
 0.85365854]",0.8894308943089432,0.011572903019630043,0.8846153846153846
3ac75a8d67994d20897e4fb1922f2144,,LOCAL,outdoor_dataset.py,localadmin,FINISHED,trim_mean,dis2,kur,"[0.97619048 0.97619048 0.85714286 0.87804878 0.87804878 0.95238095
 0.88095238 0.73809524 0.95121951 0.92682927 0.95238095 0.9047619
 0.85714286 0.87804878 0.85365854 0.9047619  0.95238095 0.80952381
 0.85365854 0.90243902 0.88095238 0.9047619  0.95238095 0.92682927
 0.87804878]",0.8970731707317072,0.01091853028000438,0.8461538461538461
c34d594bd5b8459bbecb72a15eafcdf0,,LOCAL,outdoor_dataset.py,localadmin,FINISHED,trim_mean,dis2,skew,"[0.97619048 0.92857143 0.88095238 0.87804878 0.87804878 0.9047619
 0.85714286 0.71428571 0.92682927 0.97560976 0.95238095 0.92857143
 0.88095238 0.82926829 0.90243902 0.88095238 0.92857143 0.80952381
 0.90243902 0.92682927 0.85714286 0.9047619  0.95238095 0.95121951
 0.87804878]",0.8962369337979094,0.011336578426339236,0.8269230769230769
8ef559a2ffa5426aaf0908965cf13267,,LOCAL,outdoor_dataset.py,localadmin,FINISHED,trim_mean,dis2,conteo,"[0.97619048 0.95238095 0.88095238 0.85365854 0.90243902 0.9047619
 0.85714286 0.69047619 0.95121951 0.92682927 0.95238095 0.92857143
 0.9047619  0.85365854 0.90243902 0.9047619  0.95238095 0.83333333
 0.87804878 0.92682927 0.85714286 0.88095238 0.95238095 0.97560976
 0.87804878]",0.8990940766550523,0.011933022177793772,0.8461538461538461
6499afe5c0f2438785cdcee80b156b89,,LOCAL,outdoor_dataset.py,localadmin,FINISHED,trim_mean,dis1,kur,"[0.97619048 0.97619048 0.85714286 0.87804878 0.87804878 0.95238095
 0.88095238 0.73809524 0.95121951 0.90243902 0.97619048 0.95238095
 0.83333333 0.87804878 0.87804878 0.88095238 0.95238095 0.83333333
 0.87804878 0.90243902 0.85714286 0.92857143 0.95238095 0.92682927
 0.87804878]",0.8999535423925669,0.011176889177411269,0.8461538461538461
781acf026beb44499a1aad54e236135b,,LOCAL,outdoor_dataset.py,localadmin,FINISHED,trim_mean,dis1,skew,"[0.97619048 0.95238095 0.85714286 0.92682927 0.87804878 0.88095238
 0.88095238 0.71428571 0.92682927 0.95121951 0.97619048 0.95238095
 0.88095238 0.82926829 0.87804878 0.88095238 0.95238095 0.78571429
 0.92682927 0.92682927 0.85714286 0.9047619  0.92857143 0.92682927
 0.87804878]",0.8971893147502904,0.011960319075334576,0.8461538461538461
d612dc32589d45d39709841076baa7b6,,LOCAL,outdoor_dataset.py,localadmin,FINISHED,trim_mean,dis1,conteo,"[0.97619048 0.95238095 0.85714286 0.92682927 0.90243902 0.9047619
 0.9047619  0.69047619 0.95121951 0.95121951 0.97619048 0.92857143
 0.88095238 0.85365854 0.90243902 0.92857143 0.95238095 0.83333333
 0.82926829 0.92682927 0.83333333 0.88095238 0.92857143 0.97560976
 0.85365854]",0.9000696864111498,0.012692284740860347,0.8461538461538461
68ea0e0cc976492b8439c4f0fca8cd58,,LOCAL,outdoor_dataset.py,localadmin,FINISHED,trim_mean,std,kur,"[0.97619048 0.92857143 0.83333333 0.90243902 0.87804878 0.95238095
 0.9047619  0.71428571 0.92682927 0.95121951 0.95238095 0.9047619
 0.83333333 0.85365854 0.90243902 0.85714286 0.95238095 0.83333333
 0.90243902 0.92682927 0.9047619  0.88095238 0.97619048 0.92682927
 0.87804878]",0.8981416957026714,0.011443624434340669,0.8461538461538461
8c4a9d7ed4d74ae795a76379dd7ee237,,LOCAL,outdoor_dataset.py,localadmin,FINISHED,trim_mean,std,skew,"[0.97619048 0.9047619  0.83333333 0.90243902 0.90243902 0.88095238
 0.9047619  0.71428571 0.90243902 0.95121951 0.97619048 0.92857143
 0.85714286 0.80487805 0.85365854 0.80952381 0.92857143 0.76190476
 0.87804878 0.92682927 0.85714286 0.9047619  0.92857143 0.92682927
 0.85365854]",0.8827642276422765,0.012571989606912724,0.8076923076923077
286a6ce1b11e43b3bcf46c104f9639a3,,LOCAL,outdoor_dataset.py,localadmin,FINISHED,trim_mean,std,conteo,"[0.97619048 0.95238095 0.80952381 0.90243902 0.85365854 0.9047619
 0.88095238 0.69047619 0.92682927 0.95121951 0.97619048 0.92857143
 0.9047619  0.82926829 0.85365854 0.80952381 0.97619048 0.80952381
 0.85365854 0.92682927 0.83333333 0.88095238 0.95238095 0.95121951
 0.87804878]",0.8885017421602787,0.013705650357987143,0.8653846153846154
f4507b7224ac4854888e84a47dbaa5bc,,LOCAL,outdoor_dataset.py,localadmin,FINISHED,mean,q3q1_ran,kur,"[0.95238095 0.92857143 0.80952381 0.90243902 0.90243902 0.9047619
 0.9047619  0.71428571 0.95121951 0.90243902 0.95238095 0.88095238
 0.9047619  0.80487805 0.90243902 0.9047619  0.95238095 0.78571429
 0.87804878 0.92682927 0.9047619  0.85714286 0.97619048 0.87804878
 0.87804878]",0.8904065040650407,0.011864682350662303,0.8461538461538461
35033ac09077433aba3fa7bf5fc5bc4b,,LOCAL,outdoor_dataset.py,localadmin,FINISHED,mean,q3q1_ran,skew,"[0.9047619  0.92857143 0.78571429 0.87804878 0.90243902 0.9047619
 0.9047619  0.71428571 0.92682927 0.95121951 0.95238095 0.95238095
 0.9047619  0.80487805 0.87804878 0.9047619  0.92857143 0.78571429
 0.87804878 0.90243902 0.85714286 0.85714286 0.95238095 0.92682927
 0.87804878]",0.8865969802555169,0.011889952357051689,0.8461538461538461
68958ef169904c3aaf2968253679ae71,,LOCAL,outdoor_dataset.py,localadmin,FINISHED,mean,q3q1_ran,conteo,"[0.97619048 0.95238095 0.85714286 0.87804878 0.90243902 0.95238095
 0.9047619  0.71428571 0.95121951 0.95121951 0.95238095 0.95238095
 0.95238095 0.82926829 0.87804878 0.9047619  0.97619048 0.80952381
 0.90243902 0.92682927 0.88095238 0.88095238 0.95238095 0.90243902
 0.87804878]",0.9047619047619047,0.01191792705664637,0.8653846153846154
2a3c000d62434640af2cf02e8b2593ff,,LOCAL,outdoor_dataset.py,localadmin,FINISHED,mean,range,kur,"[0.92857143 0.95238095 0.83333333 0.87804878 0.92682927 0.92857143
 0.9047619  0.71428571 0.92682927 0.90243902 0.95238095 0.92857143
 0.85714286 0.85365854 0.90243902 0.92857143 0.95238095 0.88095238
 0.87804878 0.92682927 0.88095238 0.88095238 0.92857143 0.95121951
 0.90243902]",0.9000464576074332,0.01017406134478659,0.8269230769230769
7b8fa3052f9c44d5a1e399611b5d865b,,LOCAL,outdoor_dataset.py,localadmin,FINISHED,mean,range,skew,"[0.92857143 0.92857143 0.80952381 0.87804878 0.90243902 0.85714286
 0.88095238 0.71428571 0.95121951 0.92682927 0.95238095 0.92857143
 0.9047619  0.82926829 0.85365854 0.88095238 0.97619048 0.80952381
 0.90243902 0.92682927 0.85714286 0.85714286 0.95238095 0.92682927
 0.85365854]",0.8875725900116145,0.011660140291519572,0.8461538461538461
94b85b6d68374b899f1737adbd597460,,LOCAL,outdoor_dataset.py,localadmin,FINISHED,mean,range,conteo,"[0.92857143 0.92857143 0.80952381 0.87804878 0.90243902 0.9047619
 0.9047619  0.71428571 0.95121951 0.92682927 0.97619048 0.92857143
 0.88095238 0.82926829 0.82926829 0.9047619  0.95238095 0.83333333
 0.87804878 0.85365854 0.88095238 0.83333333 0.95238095 1.
 0.85365854]",0.8894308943089432,0.012377469023084942,0.8846153846153846
fb023d5ad0c24204b2fb273213312133,,LOCAL,outdoor_dataset.py,localadmin,FINISHED,mean,dis2,kur,"[0.97619048 0.92857143 0.85714286 0.87804878 0.87804878 0.92857143
 0.88095238 0.73809524 0.95121951 0.90243902 0.97619048 0.95238095
 0.85714286 0.87804878 0.87804878 0.9047619  0.95238095 0.85714286
 0.90243902 0.87804878 0.88095238 0.9047619  0.92857143 0.95121951
 0.87804878]",0.8999767711962834,0.010015880191350957,0.8269230769230769
c992762aabcd460d91ffc1d8afa20efb,,LOCAL,outdoor_dataset.py,localadmin,FINISHED,mean,dis2,skew,"[0.97619048 0.92857143 0.85714286 0.90243902 0.87804878 0.9047619
 0.9047619  0.71428571 0.92682927 0.97560976 0.97619048 0.92857143
 0.9047619  0.82926829 0.87804878 0.88095238 0.95238095 0.80952381
 0.90243902 0.92682927 0.85714286 0.9047619  0.95238095 0.95121951
 0.85365854]",0.8990708478513357,0.011791049222050164,0.8461538461538461
ce71622cbc964762bfefe7a69c7de672,,LOCAL,outdoor_dataset.py,localadmin,FINISHED,mean,dis2,conteo,"[0.97619048 0.95238095 0.88095238 0.87804878 0.90243902 0.9047619
 0.88095238 0.71428571 0.95121951 0.92682927 0.97619048 0.92857143
 0.9047619  0.85365854 0.90243902 0.9047619  0.95238095 0.85714286
 0.90243902 0.92682927 0.83333333 0.88095238 0.95238095 1.
 0.87804878]",0.9048780487804877,0.011487841220700575,0.8461538461538461
f2a6c9d0cd9f487c969db6b49dc9efa7,,LOCAL,outdoor_dataset.py,localadmin,FINISHED,mean,dis1,kur,"[0.97619048 0.95238095 0.85714286 0.87804878 0.87804878 0.95238095
 0.88095238 0.73809524 0.95121951 0.90243902 0.97619048 0.95238095
 0.83333333 0.87804878 0.87804878 0.9047619  0.95238095 0.85714286
 0.90243902 0.92682927 0.85714286 0.9047619  0.97619048 0.97560976
 0.87804878]",0.9048083623693379,0.01124494248034504,0.8461538461538461
ca369b43cf5d439ba2155cb921645847,,LOCAL,outdoor_dataset.py,localadmin,FINISHED,mean,dis1,skew,"[0.97619048 0.95238095 0.85714286 0.92682927 0.87804878 0.9047619
 0.88095238 0.71428571 0.92682927 0.97560976 0.97619048 0.95238095
 0.88095238 0.82926829 0.85365854 0.88095238 0.95238095 0.80952381
 0.90243902 0.90243902 0.85714286 0.9047619  0.95238095 0.92682927
 0.82926829]",0.8961440185830429,0.01226239579035519,0.8269230769230769
95d1b541bc934c9b918f28bd6d234765,,LOCAL,outdoor_dataset.py,localadmin,FINISHED,mean,dis1,conteo,"[0.97619048 0.95238095 0.85714286 0.92682927 0.90243902 0.9047619
 0.9047619  0.71428571 0.92682927 0.95121951 0.97619048 0.92857143
 0.88095238 0.85365854 0.92682927 0.9047619  0.95238095 0.85714286
 0.85365854 0.92682927 0.85714286 0.88095238 0.95238095 0.97560976
 0.85365854]",0.9039024390243903,0.011455608243445912,0.8461538461538461
ff52645294ae4656b66e239645a2ed4b,,LOCAL,outdoor_dataset.py,localadmin,FINISHED,mean,std,kur,"[0.97619048 0.95238095 0.83333333 0.90243902 0.90243902 0.92857143
 0.92857143 0.71428571 0.92682927 0.90243902 0.97619048 0.9047619
 0.85714286 0.85365854 0.90243902 0.88095238 0.92857143 0.80952381
 0.90243902 0.95121951 0.9047619  0.88095238 0.97619048 0.92682927
 0.87804878]",0.9000464576074333,0.011478801920816802,0.8461538461538461
5e1354675a4e48099df70a0635b377ad,,LOCAL,outdoor_dataset.py,localadmin,FINISHED,mean,std,skew,"[0.97619048 0.9047619  0.80952381 0.90243902 0.90243902 0.85714286
 0.9047619  0.71428571 0.90243902 0.97560976 0.95238095 0.92857143
 0.85714286 0.80487805 0.85365854 0.85714286 0.92857143 0.80952381
 0.87804878 0.90243902 0.83333333 0.9047619  0.95238095 0.92682927
 0.85365854]",0.8837166085946574,0.012073824803881326,0.8269230769230769
e162afa1daf5406bb4541a5aded5ece3,,LOCAL,outdoor_dataset.py,localadmin,FINISHED,mean,std,conteo,"[0.97619048 0.95238095 0.80952381 0.87804878 0.85365854 0.9047619
 0.9047619  0.71428571 0.92682927 0.97560976 0.97619048 0.92857143
 0.88095238 0.82926829 0.85365854 0.83333333 0.92857143 0.85714286
 0.85365854 0.95121951 0.85714286 0.88095238 0.97619048 1.
 0.87804878]",0.8952380952380952,0.01318196236784576,0.8653846153846154
fa77e81a68dc4103b6e128ca63199ac6,,LOCAL,outdoor_dataset.py,localadmin,FINISHED,min,kur,,"[0.71428571 0.78571429 0.5952381  0.87804878 0.85365854 0.83333333
 0.76190476 0.76190476 0.7804878  0.82926829 0.9047619  0.71428571
 0.78571429 0.70731707 0.7804878  0.76190476 0.83333333 0.80952381
 0.75609756 0.7804878  0.80952381 0.76190476 0.80952381 0.82926829
 0.80487805]",0.7857142857142857,0.012487957690610473,0.7307692307692307
d5725d0041ec40b9974f6474c21fd654,,LOCAL,outdoor_dataset.py,localadmin,FINISHED,min,skew,,"[0.78571429 0.78571429 0.71428571 0.80487805 0.82926829 0.69047619
 0.78571429 0.69047619 0.80487805 0.73170732 0.9047619  0.69047619
 0.78571429 0.73170732 0.73170732 0.69047619 0.83333333 0.73809524
 0.85365854 0.75609756 0.73809524 0.73809524 0.83333333 0.85365854
 0.7804878 ]",0.7713124274099884,0.011777599079611824,0.7115384615384616
877bc51eb3294652942c799e5315fb17,,LOCAL,outdoor_dataset.py,localadmin,FINISHED,min,conteo,,"[0.95238095 0.9047619  0.85714286 0.82926829 0.85365854 0.92857143
 0.83333333 0.66666667 0.90243902 0.80487805 0.97619048 0.85714286
 0.85714286 0.80487805 0.90243902 0.85714286 0.92857143 0.85714286
 0.87804878 0.95121951 0.88095238 0.85714286 0.92857143 0.97560976
 0.7804878 ]",0.8730313588850174,0.013630474186152894,0.8846153846153846
76244940fd524c1b8a63af3535a1bdb1,,LOCAL,outdoor_dataset.py,localadmin,FINISHED,max,kur,,"[0.95238095 0.92857143 0.76190476 0.87804878 0.85365854 0.9047619
 0.88095238 0.71428571 0.87804878 0.90243902 0.95238095 0.80952381
 0.83333333 0.7804878  0.85365854 0.80952381 0.92857143 0.78571429
 0.82926829 0.87804878 0.85714286 0.80952381 0.92857143 0.82926829
 0.82926829]",0.8547735191637631,0.012226004809711465,0.8846153846153846
e9d93964b24a4dd89df9668f06249360,,LOCAL,outdoor_dataset.py,localadmin,FINISHED,max,skew,,"[0.9047619  0.88095238 0.73809524 0.82926829 0.82926829 0.92857143
 0.88095238 0.71428571 0.90243902 0.90243902 0.9047619  0.88095238
 0.85714286 0.7804878  0.75609756 0.80952381 0.95238095 0.78571429
 0.90243902 0.82926829 0.83333333 0.88095238 0.88095238 0.90243902
 0.82926829]",0.851869918699187,0.012299386521294114,0.8461538461538461
bc8c4945a3344e24b1c46d921de0c935,,LOCAL,outdoor_dataset.py,localadmin,FINISHED,max,conteo,,"[0.95238095 0.88095238 0.78571429 0.87804878 0.85365854 0.9047619
 0.88095238 0.71428571 0.92682927 0.87804878 0.95238095 0.92857143
 0.88095238 0.7804878  0.82926829 0.85714286 0.97619048 0.76190476
 0.85365854 0.85365854 0.85714286 0.78571429 0.92857143 0.85365854
 0.85365854]",0.8643437862950059,0.012735479831831912,0.9038461538461539
e8f48aa9b20a46c184012054ef19b562,,LOCAL,outdoor_dataset.py,localadmin,FINISHED,q3,kur,,"[0.80952381 0.9047619  0.80952381 0.92682927 0.87804878 0.9047619
 0.85714286 0.76190476 0.85365854 0.90243902 0.9047619  0.80952381
 0.9047619  0.80487805 0.82926829 0.85714286 0.95238095 0.76190476
 0.90243902 0.85365854 0.88095238 0.85714286 0.95238095 0.7804878
 0.90243902]",0.8625087108013938,0.011019576533319517,0.9038461538461539
927e71a363de4c4b97164e913318d4ef,,LOCAL,outdoor_dataset.py,localadmin,FINISHED,q3,skew,,"[0.88095238 0.9047619  0.76190476 0.92682927 0.87804878 0.9047619
 0.9047619  0.71428571 0.87804878 0.87804878 0.95238095 0.78571429
 0.88095238 0.80487805 0.85365854 0.83333333 0.85714286 0.73809524
 0.82926829 0.85365854 0.83333333 0.83333333 0.9047619  0.85365854
 0.85365854]",0.8520092915214867,0.011459609217040817,0.9038461538461539
eb65f0817ad74b2591d57b1163e970f2,,LOCAL,outdoor_dataset.py,localadmin,FINISHED,q3,conteo,,"[0.92857143 0.92857143 0.88095238 0.87804878 0.90243902 0.88095238
 0.88095238 0.66666667 0.95121951 0.90243902 0.92857143 0.92857143
 0.92857143 0.82926829 0.85365854 0.85714286 0.97619048 0.80952381
 0.87804878 0.90243902 0.88095238 0.83333333 0.95238095 0.95121951
 0.85365854]",0.8865737514518004,0.01251752543868361,0.9038461538461539
c28729d753f74c92a53d5385e7a838ca,,LOCAL,outdoor_dataset.py,localadmin,FINISHED,q1,kur,,"[0.92857143 0.9047619  0.78571429 0.90243902 0.82926829 0.92857143
 0.92857143 0.69047619 0.90243902 0.95121951 0.92857143 0.88095238
 0.85714286 0.85365854 0.82926829 0.83333333 0.95238095 0.83333333
 0.85365854 0.87804878 0.88095238 0.88095238 0.9047619  0.85365854
 0.87804878]",0.8740301974448316,0.011402978892504214,0.8269230769230769
397290201e1c42ce926397521e90431f,,LOCAL,outdoor_dataset.py,localadmin,FINISHED,q1,skew,,"[0.92857143 0.88095238 0.76190476 0.90243902 0.82926829 0.9047619
 0.9047619  0.66666667 0.90243902 0.97560976 0.95238095 0.85714286
 0.88095238 0.80487805 0.82926829 0.83333333 0.97619048 0.80952381
 0.92682927 0.82926829 0.85714286 0.83333333 0.9047619  0.90243902
 0.85365854]",0.8683391405342625,0.013663860461336014,0.8846153846153846
3cc8b46dc16c462db28ad17582c75640,,LOCAL,outdoor_dataset.py,localadmin,FINISHED,q1,conteo,,"[0.95238095 0.92857143 0.88095238 0.82926829 0.82926829 0.9047619
 0.88095238 0.69047619 0.95121951 0.87804878 0.97619048 0.9047619
 0.9047619  0.82926829 0.85365854 0.88095238 0.92857143 0.80952381
 0.87804878 0.90243902 0.85714286 0.88095238 0.92857143 0.95121951
 0.85365854]",0.8826248548199769,0.011861214176487018,0.9038461538461539
43e5de5873a0485c946fe386f95890ec,,LOCAL,outdoor_dataset.py,localadmin,FINISHED,median,kur,,"[0.92857143 0.9047619  0.76190476 0.87804878 0.85365854 0.92857143
 0.85714286 0.71428571 0.90243902 0.90243902 0.92857143 0.85714286
 0.88095238 0.80487805 0.82926829 0.78571429 0.95238095 0.80952381
 0.87804878 0.92682927 0.85714286 0.85714286 0.92857143 0.80487805
 0.85365854]",0.8634610917537746,0.011850547450255622,0.8269230769230769
2028eac03e8e413ebceff5afdb4356f5,,LOCAL,outdoor_dataset.py,localadmin,FINISHED,median,skew,,"[0.9047619  0.88095238 0.76190476 0.87804878 0.87804878 0.85714286
 0.92857143 0.66666667 0.92682927 0.95121951 0.9047619  0.9047619
 0.92857143 0.80487805 0.82926829 0.83333333 0.92857143 0.76190476
 0.80487805 0.87804878 0.83333333 0.85714286 0.9047619  0.87804878
 0.82926829]",0.8606271777003485,0.013080991329140207,0.9038461538461539
c67d4262a82442ae99645ffba0166d65,,LOCAL,outdoor_dataset.py,localadmin,FINISHED,median,conteo,,"[0.97619048 0.92857143 0.9047619  0.87804878 0.92682927 0.92857143
 0.9047619  0.69047619 0.95121951 0.95121951 1.         0.95238095
 0.92857143 0.82926829 0.90243902 0.9047619  0.97619048 0.83333333
 0.87804878 0.90243902 0.88095238 0.88095238 0.95238095 0.97560976
 0.87804878]",0.9086411149825784,0.01258054367400355,0.8846153846153846
e0bdf1ef27de4644955939132a277fb3,,LOCAL,outdoor_dataset.py,localadmin,FINISHED,trim_mean,kur,,"[0.85714286 0.92857143 0.80952381 0.87804878 0.85365854 0.83333333
 0.9047619  0.71428571 0.87804878 0.90243902 0.95238095 0.85714286
 0.80952381 0.85365854 0.87804878 0.83333333 0.92857143 0.80952381
 0.90243902 0.90243902 0.9047619  0.9047619  0.88095238 0.85365854
 0.87804878]",0.8683623693379791,0.00998178391528606,0.8461538461538461
cb5dea720dc140a2afdf947cc365d924,,LOCAL,outdoor_dataset.py,localadmin,FINISHED,trim_mean,skew,,"[0.95238095 0.9047619  0.78571429 0.90243902 0.85365854 0.85714286
 0.92857143 0.69047619 0.90243902 0.97560976 0.95238095 0.85714286
 0.9047619  0.80487805 0.87804878 0.80952381 0.95238095 0.73809524
 0.90243902 0.92682927 0.85714286 0.83333333 0.9047619  0.90243902
 0.85365854]",0.873240418118467,0.013712190607829194,0.8653846153846154
ff0ac2b46e12460287d2f8d2c05a7a82,,LOCAL,outdoor_dataset.py,localadmin,FINISHED,trim_mean,conteo,,"[0.97619048 0.88095238 0.85714286 0.87804878 0.92682927 0.92857143
 0.9047619  0.69047619 0.95121951 0.95121951 0.88095238 0.95238095
 0.92857143 0.82926829 0.87804878 0.9047619  0.95238095 0.83333333
 0.87804878 0.92682927 0.88095238 0.88095238 0.95238095 0.97560976
 0.87804878]",0.8991173054587689,0.012018124504045774,0.8461538461538461
a1a83dd2535549ccb153bac542190250,,LOCAL,outdoor_dataset.py,localadmin,FINISHED,mean,kur,,"[0.85714286 0.92857143 0.78571429 0.87804878 0.87804878 0.80952381
 0.88095238 0.76190476 0.92682927 0.90243902 0.95238095 0.83333333
 0.88095238 0.85365854 0.85365854 0.88095238 0.92857143 0.80952381
 0.90243902 0.90243902 0.9047619  0.9047619  0.9047619  0.82926829
 0.87804878]",0.8731475029036004,0.009466811013899354,0.8461538461538461
aeb7091278b44bbba14b9182c60369e8,,LOCAL,outdoor_dataset.py,localadmin,FINISHED,mean,skew,,"[0.9047619  0.9047619  0.78571429 0.92682927 0.87804878 0.88095238
 0.9047619  0.71428571 0.90243902 0.95121951 0.95238095 0.85714286
 0.9047619  0.80487805 0.87804878 0.80952381 0.95238095 0.73809524
 0.85365854 0.92682927 0.85714286 0.85714286 0.9047619  0.90243902
 0.85365854]",0.8722648083623694,0.012421415004489157,0.8653846153846154
6f3e4e2ad0d44fe297e8e486bb62a82c,,LOCAL,outdoor_dataset.py,localadmin,FINISHED,mean,conteo,,"[0.97619048 0.95238095 0.85714286 0.87804878 0.92682927 0.9047619
 0.9047619  0.71428571 0.95121951 0.92682927 0.92857143 0.95238095
 0.92857143 0.82926829 0.85365854 0.9047619  0.92857143 0.83333333
 0.87804878 0.92682927 0.88095238 0.88095238 0.95238095 0.97560976
 0.87804878]",0.9009756097560975,0.011337391497829006,0.8846153846153846
4b9d6b54b6e841438a39aa7869547558,,LOCAL,outdoor_dataset.py,localadmin,FINISHED,min,q3q1_ran,,"[0.9047619  0.92857143 0.78571429 0.82926829 0.85365854 0.85714286
 0.88095238 0.80952381 0.90243902 0.85365854 0.95238095 0.83333333
 0.88095238 0.7804878  0.90243902 0.85714286 0.88095238 0.78571429
 0.82926829 0.92682927 0.85714286 0.83333333 0.80952381 0.87804878
 0.82926829]",0.8577003484320557,0.009276657681325753,0.8653846153846154
0147702bb2e04805b4cd13fd2e2814ad,,LOCAL,outdoor_dataset.py,localadmin,FINISHED,min,range,,"[0.97619048 0.88095238 0.83333333 0.82926829 0.87804878 0.9047619
 0.88095238 0.71428571 0.90243902 0.87804878 0.95238095 0.85714286
 0.85714286 0.7804878  0.85365854 0.9047619  0.95238095 0.88095238
 0.90243902 0.87804878 0.83333333 0.83333333 0.95238095 0.95121951
 0.85365854]",0.8768641114982578,0.011615150963066307,0.8461538461538461
f67fe6c9de1c42c594999aa635e3d6fe,,LOCAL,outdoor_dataset.py,localadmin,FINISHED,min,dis2,,"[0.95238095 0.92857143 0.80952381 0.80487805 0.82926829 0.9047619
 0.83333333 0.80952381 0.90243902 0.87804878 0.97619048 0.80952381
 0.88095238 0.82926829 0.87804878 0.88095238 0.9047619  0.85714286
 0.85365854 0.90243902 0.80952381 0.85714286 0.92857143 0.92682927
 0.82926829]",0.8710801393728222,0.009899929290819145,0.8461538461538461
de2ef4b1bbe94bf898501b4790f7d203,,LOCAL,outdoor_dataset.py,localadmin,FINISHED,min,dis1,,"[0.95238095 0.92857143 0.80952381 0.82926829 0.80487805 0.88095238
 0.83333333 0.76190476 0.92682927 0.87804878 0.97619048 0.83333333
 0.80952381 0.80487805 0.87804878 0.9047619  0.92857143 0.83333333
 0.82926829 0.90243902 0.83333333 0.85714286 0.92857143 0.92682927
 0.80487805]",0.8662717770034842,0.011369540409668118,0.8461538461538461
a55bf0f3919a4e208885155954b9d9b3,,LOCAL,outdoor_dataset.py,localadmin,FINISHED,min,std,,"[0.95238095 0.9047619  0.71428571 0.85365854 0.80487805 0.85714286
 0.88095238 0.73809524 0.87804878 0.87804878 0.97619048 0.76190476
 0.80952381 0.7804878  0.90243902 0.85714286 0.92857143 0.85714286
 0.82926829 0.87804878 0.85714286 0.83333333 0.92857143 0.90243902
 0.82926829]",0.8557491289198605,0.01280014757635716,0.8269230769230769
38d546f581af420792f02a737f0eb524,,LOCAL,outdoor_dataset.py,localadmin,FINISHED,max,q3q1_ran,,"[0.95238095 0.92857143 0.80952381 0.87804878 0.92682927 0.92857143
 0.9047619  0.71428571 0.92682927 0.95121951 0.95238095 0.92857143
 0.88095238 0.75609756 0.85365854 0.83333333 0.97619048 0.78571429
 0.92682927 0.90243902 0.9047619  0.85714286 0.97619048 0.87804878
 0.87804878]",0.8884552845528455,0.013399664500177655,0.8653846153846154
6c7e1d18b7ec4df48b9ca66d9b3dbd19,,LOCAL,outdoor_dataset.py,localadmin,FINISHED,max,range,,"[0.88095238 0.9047619  0.80952381 0.85365854 0.82926829 0.9047619
 0.88095238 0.71428571 0.92682927 0.82926829 0.92857143 0.85714286
 0.83333333 0.7804878  0.75609756 0.85714286 0.92857143 0.78571429
 0.82926829 0.90243902 0.83333333 0.78571429 0.9047619  0.82926829
 0.85365854]",0.8479907084785135,0.011268428115631496,0.9038461538461539
0192be48f09c4bce88dd915e37ba5dce,,LOCAL,outdoor_dataset.py,localadmin,FINISHED,max,dis2,,"[0.97619048 0.92857143 0.83333333 0.85365854 0.87804878 0.95238095
 0.88095238 0.71428571 0.95121951 0.87804878 0.97619048 0.88095238
 0.92857143 0.82926829 0.82926829 0.88095238 0.92857143 0.80952381
 0.95121951 0.85365854 0.83333333 0.85714286 0.95238095 0.90243902
 0.87804878]",0.8855284552845528,0.012233836011506571,0.8846153846153846
8b63bbe13145400bbd5b9fd35165d44e,,LOCAL,outdoor_dataset.py,localadmin,FINISHED,max,dis1,,"[0.9047619  0.92857143 0.83333333 0.90243902 0.87804878 0.92857143
 0.88095238 0.71428571 0.95121951 0.85365854 0.95238095 0.83333333
 0.83333333 0.85365854 0.80487805 0.85714286 0.92857143 0.80952381
 0.90243902 0.85365854 0.9047619  0.85714286 0.95238095 0.82926829
 0.82926829]",0.8711033681765389,0.011237270420449193,0.8461538461538461
a9f39d710a8448d88685ec28aa718963,,LOCAL,outdoor_dataset.py,localadmin,FINISHED,max,std,,"[0.9047619  0.88095238 0.76190476 0.90243902 0.85365854 0.88095238
 0.9047619  0.71428571 0.90243902 0.87804878 0.97619048 0.85714286
 0.85714286 0.82926829 0.7804878  0.80952381 0.9047619  0.83333333
 0.90243902 0.87804878 0.85714286 0.80952381 0.92857143 0.90243902
 0.82926829]",0.8615795586527294,0.011388772377427558,0.9038461538461539
bdc47568d649406690b2347de1c6af50,,LOCAL,outdoor_dataset.py,localadmin,FINISHED,q3,q3q1_ran,,"[0.83333333 0.92857143 0.80952381 0.85365854 0.90243902 0.92857143
 0.9047619  0.71428571 0.92682927 0.90243902 0.95238095 0.92857143
 0.9047619  0.7804878  0.85365854 0.9047619  0.97619048 0.78571429
 0.87804878 0.90243902 0.88095238 0.85714286 0.97619048 0.90243902
 0.87804878]",0.8826480836236935,0.012383458049004424,0.8461538461538461
6090f3a285b040acaa65eb7aba24eca9,,LOCAL,outdoor_dataset.py,localadmin,FINISHED,q3,range,,"[0.9047619  0.95238095 0.85714286 0.87804878 0.87804878 0.9047619
 0.88095238 0.66666667 0.95121951 0.87804878 0.95238095 0.92857143
 0.85714286 0.82926829 0.85365854 0.88095238 0.97619048 0.78571429
 0.90243902 0.87804878 0.83333333 0.85714286 0.95238095 0.95121951
 0.85365854]",0.8817653890824623,0.0129903593148916,0.8653846153846154
c33ee02866414d40ba526ffd01925006,,LOCAL,outdoor_dataset.py,localadmin,FINISHED,q3,dis2,,"[0.88095238 0.92857143 0.83333333 0.85365854 0.90243902 0.9047619
 0.85714286 0.69047619 0.90243902 0.87804878 0.95238095 0.9047619
 0.80952381 0.87804878 0.87804878 0.85714286 0.95238095 0.80952381
 0.85365854 0.90243902 0.80952381 0.9047619  0.92857143 0.95121951
 0.87804878]",0.8760743321718932,0.0114513329767038,0.8461538461538461
0452996c7195415785f26a8ede111f58,,LOCAL,outdoor_dataset.py,localadmin,FINISHED,q3,dis1,,"[0.80952381 0.95238095 0.83333333 0.90243902 0.92682927 0.9047619
 0.9047619  0.69047619 0.92682927 0.87804878 0.95238095 0.88095238
 0.76190476 0.87804878 0.87804878 0.88095238 0.95238095 0.83333333
 0.82926829 0.92682927 0.88095238 0.88095238 0.97619048 0.92682927
 0.87804878]",0.8818583042973286,0.012725681984281931,0.8653846153846154
f3b538a7f8de4e3fb174bcc1c6cd5505,,LOCAL,outdoor_dataset.py,localadmin,FINISHED,q3,std,,"[0.83333333 0.9047619  0.76190476 0.87804878 0.90243902 0.85714286
 0.9047619  0.73809524 0.90243902 0.87804878 0.95238095 0.88095238
 0.85714286 0.82926829 0.87804878 0.78571429 0.95238095 0.83333333
 0.80487805 0.92682927 0.80952381 0.88095238 0.97619048 0.92682927
 0.85365854]",0.8683623693379791,0.01191838545140726,0.8461538461538461
669586fb72f94143880a60add6ec2966,,LOCAL,outdoor_dataset.py,localadmin,FINISHED,q1,q3q1_ran,,"[0.95238095 0.95238095 0.85714286 0.87804878 0.87804878 0.92857143
 0.9047619  0.73809524 0.95121951 0.95121951 0.95238095 0.95238095
 0.92857143 0.80487805 0.87804878 0.9047619  0.97619048 0.78571429
 0.92682927 0.90243902 0.88095238 0.85714286 0.97619048 0.92682927
 0.87804878]",0.9009291521486644,0.011917785573221245,0.8653846153846154
2b7dc140fda7457eba67991f8d2d149d,,LOCAL,outdoor_dataset.py,localadmin,FINISHED,q1,range,,"[0.88095238 0.88095238 0.83333333 0.87804878 0.85365854 0.9047619
 0.9047619  0.69047619 0.95121951 0.87804878 0.92857143 0.88095238
 0.85714286 0.82926829 0.85365854 0.83333333 0.95238095 0.83333333
 0.90243902 0.90243902 0.85714286 0.85714286 0.92857143 0.92682927
 0.87804878]",0.8750987224157956,0.010555478701005877,0.8653846153846154
b269e56fda5440b0ab97f881964b6f22,,LOCAL,outdoor_dataset.py,localadmin,FINISHED,q1,dis2,,"[0.97619048 0.9047619  0.88095238 0.82926829 0.87804878 0.88095238
 0.85714286 0.73809524 0.95121951 0.92682927 0.95238095 0.92857143
 0.88095238 0.87804878 0.82926829 0.85714286 0.92857143 0.78571429
 0.90243902 0.90243902 0.85714286 0.88095238 0.95238095 0.95121951
 0.87804878]",0.8875493612078977,0.011010473380784796,0.8846153846153846
1eb7129ede5640fe8fc9b1c7ea10b233,,LOCAL,outdoor_dataset.py,localadmin,FINISHED,q1,dis1,,"[0.97619048 0.92857143 0.88095238 0.85365854 0.87804878 0.88095238
 0.88095238 0.76190476 0.95121951 0.92682927 0.95238095 0.92857143
 0.85714286 0.87804878 0.80487805 0.88095238 0.92857143 0.83333333
 0.90243902 0.90243902 0.80952381 0.83333333 0.95238095 0.95121951
 0.87804878]",0.8885017421602788,0.010684039807613809,0.8653846153846154
8d1bf2a571d2417882aae6463447ef1c,,LOCAL,outdoor_dataset.py,localadmin,FINISHED,q1,std,,"[0.97619048 0.85714286 0.78571429 0.87804878 0.87804878 0.88095238
 0.9047619  0.69047619 0.95121951 0.92682927 0.95238095 0.9047619
 0.85714286 0.82926829 0.80487805 0.88095238 0.92857143 0.83333333
 0.87804878 0.90243902 0.76190476 0.85714286 0.95238095 0.92682927
 0.87804878]",0.8750987224157957,0.013128338511187485,0.8461538461538461
8690972fb5944624abf119fa467fe24e,,LOCAL,outdoor_dataset.py,localadmin,FINISHED,median,q3q1_ran,,"[0.95238095 0.95238095 0.85714286 0.87804878 0.90243902 0.92857143
 0.9047619  0.73809524 0.95121951 0.95121951 0.95238095 0.95238095
 0.92857143 0.7804878  0.87804878 0.9047619  0.97619048 0.76190476
 0.87804878 0.92682927 0.9047619  0.85714286 0.97619048 0.87804878
 0.87804878]",0.8980023228803716,0.012636451430153035,0.8653846153846154
41a7e72b618042329e3dd9527bb00b8e,,LOCAL,outdoor_dataset.py,localadmin,FINISHED,median,range,,"[0.9047619  0.92857143 0.83333333 0.87804878 0.90243902 0.92857143
 0.9047619  0.69047619 0.95121951 0.92682927 0.95238095 0.97619048
 0.85714286 0.82926829 0.85365854 0.9047619  0.95238095 0.80952381
 0.90243902 0.90243902 0.83333333 0.88095238 0.95238095 0.87804878
 0.87804878]",0.8884785133565621,0.012079605168502592,0.8653846153846154
7f2aa122398f4d8ba5f1c0acf24049e3,,LOCAL,outdoor_dataset.py,localadmin,FINISHED,median,dis2,,"[0.97619048 0.92857143 0.88095238 0.85365854 0.90243902 0.95238095
 0.85714286 0.73809524 0.95121951 0.95121951 0.95238095 0.9047619
 0.9047619  0.87804878 0.82926829 0.9047619  0.95238095 0.80952381
 0.82926829 0.92682927 0.83333333 0.88095238 0.9047619  0.95121951
 0.87804878]",0.8932868757259002,0.011323708265137466,0.8653846153846154
618c0f1cf07241f9a1727ac551dd86fa,,LOCAL,outdoor_dataset.py,localadmin,FINISHED,median,dis1,,"[0.97619048 0.92857143 0.88095238 0.87804878 0.90243902 0.92857143
 0.80952381 0.73809524 0.95121951 0.95121951 0.9047619  0.95238095
 0.88095238 0.87804878 0.82926829 0.88095238 0.95238095 0.83333333
 0.82926829 0.92682927 0.83333333 0.85714286 0.95238095 0.97560976
 0.87804878]",0.8923809523809525,0.011803566004013718,0.8461538461538461
103026a0241b47128a31850cc021106d,,LOCAL,outdoor_dataset.py,localadmin,FINISHED,median,std,,"[0.95238095 0.88095238 0.85714286 0.87804878 0.90243902 0.85714286
 0.88095238 0.71428571 0.92682927 0.95121951 0.95238095 0.9047619
 0.9047619  0.85365854 0.82926829 0.85714286 0.95238095 0.78571429
 0.82926829 0.92682927 0.85714286 0.85714286 0.97619048 0.95121951
 0.87804878]",0.8846922183507548,0.01193687443447237,0.8269230769230769
a4213ae0da7b415eb8972fe8f0c8ad1b,,LOCAL,outdoor_dataset.py,localadmin,FINISHED,trim_mean,q3q1_ran,,"[0.88095238 0.95238095 0.78571429 0.85365854 0.90243902 0.85714286
 0.9047619  0.71428571 0.92682927 0.92682927 0.95238095 0.95238095
 0.88095238 0.80487805 0.90243902 0.9047619  0.95238095 0.78571429
 0.82926829 0.92682927 0.85714286 0.85714286 0.97619048 0.90243902
 0.87804878]",0.8827177700348432,0.012587322014505293,0.8653846153846154
809fdc342f594f7ea3826e6f66b40a17,,LOCAL,outdoor_dataset.py,localadmin,FINISHED,trim_mean,range,,"[0.9047619  0.92857143 0.85714286 0.87804878 0.90243902 0.88095238
 0.9047619  0.69047619 0.95121951 0.92682927 0.9047619  0.95238095
 0.88095238 0.82926829 0.90243902 0.9047619  0.92857143 0.83333333
 0.87804878 0.87804878 0.88095238 0.85714286 0.95238095 0.90243902
 0.85365854]",0.8865737514518003,0.010627638881526536,0.8269230769230769
e07c1787971e4c72bf53dde5bf103647,,LOCAL,outdoor_dataset.py,localadmin,FINISHED,trim_mean,dis2,,"[0.95238095 0.97619048 0.88095238 0.85365854 0.90243902 0.88095238
 0.85714286 0.73809524 0.92682927 0.95121951 0.95238095 0.92857143
 0.88095238 0.87804878 0.87804878 0.9047619  0.95238095 0.88095238
 0.90243902 0.90243902 0.83333333 0.9047619  0.97619048 0.97560976
 0.87804878]",0.9019512195121951,0.010584924325567477,0.8653846153846154
37dfb13c46cd4961887aabd2fbe1b230,,LOCAL,outdoor_dataset.py,localadmin,FINISHED,trim_mean,dis1,,"[0.9047619  0.95238095 0.85714286 0.87804878 0.90243902 0.83333333
 0.88095238 0.78571429 0.92682927 0.95121951 0.97619048 0.95238095
 0.80952381 0.87804878 0.87804878 0.92857143 0.95238095 0.88095238
 0.92682927 0.92682927 0.85714286 0.9047619  0.95238095 0.95121951
 0.85365854]",0.9000696864111499,0.009894245706043485,0.8461538461538461
6ef228c0b98846c5a456f25ff582760e,,LOCAL,outdoor_dataset.py,localadmin,FINISHED,trim_mean,std,,"[0.88095238 0.92857143 0.80952381 0.87804878 0.90243902 0.85714286
 0.88095238 0.73809524 0.92682927 0.97560976 0.92857143 0.92857143
 0.88095238 0.82926829 0.87804878 0.85714286 0.92857143 0.80952381
 0.7804878  0.92682927 0.83333333 0.9047619  0.97619048 0.95121951
 0.85365854]",0.8818118466898955,0.011888184259449031,0.8269230769230769
4ca012ca652e47b28059f5db0b474c02,,LOCAL,outdoor_dataset.py,localadmin,FINISHED,mean,q3q1_ran,,"[0.95238095 0.95238095 0.78571429 0.85365854 0.90243902 0.9047619
 0.88095238 0.73809524 0.92682927 0.95121951 0.95238095 0.95238095
 0.88095238 0.80487805 0.87804878 0.9047619  0.95238095 0.78571429
 0.80487805 0.95121951 0.9047619  0.85714286 0.97619048 0.90243902
 0.87804878]",0.8893844367015099,0.01283606507761213,0.8653846153846154
c80721a562da4012af68a07bc44437a0,,LOCAL,outdoor_dataset.py,localadmin,FINISHED,mean,range,,"[0.92857143 0.95238095 0.80952381 0.87804878 0.90243902 0.85714286
 0.9047619  0.71428571 0.95121951 0.92682927 0.92857143 0.92857143
 0.85714286 0.82926829 0.82926829 0.9047619  0.92857143 0.83333333
 0.80487805 0.92682927 0.88095238 0.85714286 0.95238095 0.92682927
 0.85365854]",0.8826945412311267,0.011602926967941888,0.8461538461538461
af6a97d010af41c7a5f82b9207b9ead7,,LOCAL,outdoor_dataset.py,localadmin,FINISHED,mean,dis2,,"[0.97619048 0.97619048 0.85714286 0.85365854 0.90243902 0.85714286
 0.88095238 0.71428571 0.92682927 0.95121951 0.97619048 0.92857143
 0.88095238 0.87804878 0.87804878 0.9047619  0.92857143 0.88095238
 0.92682927 0.92682927 0.83333333 0.9047619  0.97619048 0.97560976
 0.87804878]",0.9029500580720092,0.011724282777373442,0.8461538461538461
f5f0281e775c4088a6fada443230304a,,LOCAL,outdoor_dataset.py,localadmin,FINISHED,mean,dis1,,"[0.92857143 0.95238095 0.85714286 0.90243902 0.90243902 0.88095238
 0.9047619  0.76190476 0.92682927 0.95121951 0.97619048 0.95238095
 0.80952381 0.87804878 0.90243902 0.92857143 0.92857143 0.85714286
 0.87804878 0.92682927 0.85714286 0.9047619  0.97619048 0.97560976
 0.87804878]",0.9039256678281069,0.010293940312386465,0.8461538461538461
052801b0fb9444c7b388913e2dc2e170,,LOCAL,outdoor_dataset.py,localadmin,FINISHED,mean,std,,"[0.88095238 0.95238095 0.80952381 0.87804878 0.90243902 0.80952381
 0.9047619  0.71428571 0.92682927 0.95121951 0.97619048 0.92857143
 0.83333333 0.82926829 0.85365854 0.88095238 0.92857143 0.83333333
 0.82926829 0.92682927 0.80952381 0.9047619  0.97619048 0.95121951
 0.85365854]",0.8818118466898955,0.012773603436013562,0.8461538461538461
03bce10a48dd41499fd810b3aff87c08,,LOCAL,outdoor_dataset.py,localadmin,FINISHED,min,,,"[0.73809524 0.73809524 0.71428571 0.82926829 0.85365854 0.80952381
 0.76190476 0.85714286 0.7804878  0.7804878  0.92857143 0.71428571
 0.78571429 0.80487805 0.7804878  0.71428571 0.78571429 0.85714286
 0.82926829 0.82926829 0.76190476 0.71428571 0.83333333 0.85365854
 0.82926829]",0.7954006968641114,0.011139119666393246,0.7307692307692307
73f8098a4bfb450ebf9f18efe2da1042,,LOCAL,outdoor_dataset.py,localadmin,FINISHED,max,,,"[0.9047619  0.9047619  0.78571429 0.85365854 0.82926829 0.85714286
 0.88095238 0.71428571 0.82926829 0.85365854 0.92857143 0.73809524
 0.88095238 0.75609756 0.75609756 0.80952381 0.92857143 0.73809524
 0.90243902 0.85365854 0.85714286 0.78571429 0.9047619  0.85365854
 0.82926829]",0.8374448315911729,0.012550986456055156,0.9038461538461539
03de9a95d97b49ff80e6c7b55c3a252c,,LOCAL,outdoor_dataset.py,localadmin,FINISHED,q3,,,"[0.85714286 0.9047619  0.83333333 0.87804878 0.90243902 0.83333333
 0.88095238 0.69047619 0.90243902 0.85365854 0.9047619  0.80952381
 0.83333333 0.82926829 0.80487805 0.88095238 0.88095238 0.76190476
 0.82926829 0.82926829 0.85714286 0.85714286 0.92857143 0.87804878
 0.82926829]",0.8500348432055749,0.010142354699695797,0.8846153846153846
a54792dc5be44a7481db48d08277453c,,LOCAL,outdoor_dataset.py,localadmin,FINISHED,q1,,,"[0.71428571 0.85714286 0.66666667 0.85365854 0.75609756 0.83333333
 0.88095238 0.66666667 0.82926829 0.92682927 0.85714286 0.78571429
 0.85714286 0.80487805 0.75609756 0.78571429 0.88095238 0.73809524
 0.85365854 0.80487805 0.78571429 0.80952381 0.88095238 0.87804878
 0.82926829]",0.8117073170731708,0.013424446654449274,0.9038461538461539
70169724ffb44227b576bac1e16958fa,,LOCAL,outdoor_dataset.py,localadmin,FINISHED,median,,,"[0.78571429 0.85714286 0.78571429 0.85365854 0.80487805 0.76190476
 0.92857143 0.66666667 0.90243902 0.82926829 0.92857143 0.83333333
 0.85714286 0.7804878  0.75609756 0.83333333 0.85714286 0.73809524
 0.68292683 0.75609756 0.76190476 0.83333333 0.9047619  0.85365854
 0.80487805]",0.8143089430894309,0.01366660634244694,0.9038461538461539
f8be9d57307c45d99ad5c2468021133e,,LOCAL,outdoor_dataset.py,localadmin,FINISHED,trim_mean,,,"[0.85714286 0.9047619  0.69047619 0.82926829 0.80487805 0.76190476
 0.88095238 0.69047619 0.85365854 0.85365854 0.95238095 0.76190476
 0.83333333 0.75609756 0.7804878  0.80952381 0.88095238 0.76190476
 0.90243902 0.87804878 0.83333333 0.78571429 0.88095238 0.90243902
 0.82926829]",0.8270383275261324,0.013328408780848483,0.8076923076923077
fff7c848ab274626aa8c66dcf22325f7,,LOCAL,outdoor_dataset.py,localadmin,FINISHED,mean,,,"[0.85714286 0.9047619  0.69047619 0.87804878 0.82926829 0.78571429
 0.92857143 0.69047619 0.85365854 0.90243902 0.9047619  0.92857143
 0.80952381 0.80487805 0.7804878  0.88095238 0.9047619  0.73809524
 0.85365854 0.85365854 0.83333333 0.85714286 0.88095238 0.82926829
 0.82926829]",0.8403948896631823,0.013054784016114786,0.7884615384615384
